pair,n_signals,win_rate,mean_return,sharpe
EURCHF,8860,0.5016930022573364,-2.5063395967374753e-06,-0.24646082442882356
GBPUSD,8681,0.49706255039741964,-6.238535932509342e-06,-0.34790108905396167
AUDNZD,10203,0.48848377928060377,-2.291222033573724e-05,-2.1935551485377873
